<?xml version="1.0" encoding="UTF-8" ?>
<!DOCTYPE mapper
        PUBLIC "-//mybatis.org//DTD Mapper 3.0//EN"
        "http://mybatis.org/dtd/mybatis-3-mapper.dtd">
<mapper namespace="com.szpt.store.mapper.CartMapper">
    <resultMap id="CartEntityMap" type="com.szpt.store.entity.Cart">
        <id column="cid" property="cid"></id>
        <result column="created_user" property="createdUser"></result>
        <result column="created_time" property="createdTime"></result>
        <result column="modified_user" property="modifiedUser"></result>
        <result column="modified_time" property="modifiedTime"></result>
    </resultMap>

    <insert id="insert" useGeneratedKeys="true" keyProperty="cid">
        INSERT INTO t_cart (uid, pid, price, num, created_user, created_time, modified_user, modified_time)
        VALUES (#{uid}, #{pid}, #{price}, #{num}, #{createdUser}, #{createdTime}, #{modifiedUser}, #{modifiedTime})
    </insert>

    <update id="updateNumByCid">
        UPDATE
            t_cart
        SET
            num=#{num},
            modified_user=#{modifiedUser},
            modified_time=#{modifiedTime}
        WHERE
            cid=#{cid}
    </update>

    <select id="findByUidAndPid" resultMap="CartEntityMap">
        SELECT * FROM t_cart WHERE uid=#{uid} AND pid=#{pid}
    </select>

    <select id="findVOByUid" resultType="com.szpt.store.vo.CartVO">
        SELECT
            cid,
            uid,
            pid,
            t_cart.price,
            t_cart.num,
            t_product.title,
            t_product.price AS realPrice,
            t_product.image
        FROM
            t_cart
                LEFT JOIN t_product ON t_cart.pid = t_product.id
        WHERE
            uid = #{uid}
        ORDER BY
            t_cart.created_time DESC
    </select>


    <select id="findByCid" resultMap="CartEntityMap">
        SELECT
            *
        FROM
            t_cart
        WHERE
            cid = #{cid}
    </select>


    <select id="findVOByCids" resultType="com.szpt.store.vo.CartVO">
        SELECT
        cid,
        uid,
        pid,
        t_cart.price,
        t_cart.num,
        t_product.title,
        t_product.price AS realPrice,
        t_product.image
        FROM
        t_cart
        LEFT JOIN t_product ON t_cart.pid = t_product.id
        WHERE
        cid IN (
        <foreach collection="array" item="cid" separator=",">
            #{cid}
        </foreach>
        )
        ORDER BY
        t_cart.created_time DESC
    </select>
</mapper>