<?xml version="1.0" encoding="UTF-8" ?>
<!DOCTYPE mapper
        PUBLIC "-//mybatis.org//DTD Mapper 3.0//EN"
        "http://mybatis.org/dtd/mybatis-3-mapper.dtd">
<mapper namespace="com.szpt.store.mapper.UserMapper">
    <resultMap id="UserMapper" type="com.szpt.store.entity.User">
        <result column="uid" property="uid"></result>
        <result column="is_delete" property="isDelete"></result>
        <result column="created_user" property="createdUser"></result>
        <result column="created_time" property="createdTime"></result>
        <result column="modified_user" property="modifiedUser"></result>
        <result column="modified_time" property="modifiedTime"></result>
    </resultMap>
 <insert id="insert" useGeneratedKeys="true" keyProperty="uid">
  insert into t_user(username,password,salt,phone,email,
                     gender,avatar,is_delete,created_user,created_time,
                     modified_user,modified_time) values(#{username},#{password},#{salt},#{phone},#{email},
                     #{gender},#{avatar},#{isDelete},#{createdUser},#{createdTime},#{modifiedUser},#{modifiedTime})
 </insert>

    <select id="findByUsername" resultMap="UserMapper">
        select * from t_user where username=#{username}
    </select>

    <update id="updateByPassword" >
        update t_user set password=#{password},modified_user=#{modifiedUser},
                          modified_time=#{modifiedTime} where uid=#{uid}
    </update>
    <select id="findUserByUid" resultMap="UserMapper">
        select * from t_user where uid=#{uid}
    </select>

    <update id="updatePersonalData">
        update t_user set <if test="phone!=null">phone=#{phone},</if>
                        <if test="email!=null">email=#{email},</if>
                        <if test="gender!=null">gender=#{gender},</if>
                          modified_user=#{modifiedUser},
                          modified_time=#{modifiedTime}
        where uid=#{uid}
    </update>

    <update id="updateAvatar">
        update t_user set avatar=#{avatar},
                          modified_user=#{modifiedUser},
                          modified_time=#{modifiedTime} where uid=#{uid}
    </update>

</mapper>